{
	"Version": 3,
	"Meta": {
		"Duration": 17.867,
		"Fps": 60.0,
		"Loop": true,
		"AreBeziersRestricted": true,
		"CurveCount": 6,
		"TotalSegmentCount": 54,
		"TotalPointCount": 156,
		"UserDataCount": 0,
		"TotalUserDataSize": 0
	},
	"Curves": [
		{
			"Target": "Parameter",
			"Id": "ParamEyeLOpen",
			"Segments": [
				0,
				1,
				1,
				0.878,
				1,
				1.756,
				1,
				2.633,
				1,
				1,
				2.65,
				1,
				2.667,
				0,
				2.683,
				0,
				1,
				2.694,
				0,
				2.706,
				0,
				2.717,
				0,
				1,
				2.733,
				0,
				2.75,
				1,
				2.767,
				1,
				1,
				3.561,
				1,
				4.356,
				1,
				5.15,
				1,
				1,
				5.167,
				1,
				5.183,
				0,
				5.2,
				0,
				1,
				5.211,
				0,
				5.222,
				0,
				5.233,
				0,
				1,
				5.25,
				0,
				5.267,
				1,
				5.283,
				1,
				1,
				6.339,
				1,
				7.394,
				1,
				8.45,
				1,
				1,
				8.467,
				1,
				8.483,
				0,
				8.5,
				0,
				1,
				8.511,
				0,
				8.522,
				0,
				8.533,
				0,
				1,
				8.55,
				0,
				8.567,
				1,
				8.583,
				1,
				1,
				9.406,
				1,
				10.228,
				1,
				11.05,
				1,
				1,
				11.067,
				1,
				11.083,
				0,
				11.1,
				0,
				1,
				11.111,
				0,
				11.122,
				0,
				11.133,
				0,
				1,
				11.15,
				0,
				11.167,
				1,
				11.183,
				1,
				1,
				11.539,
				1,
				11.894,
				1,
				12.25,
				1,
				1,
				12.267,
				1,
				12.283,
				0,
				12.3,
				0,
				1,
				12.311,
				0,
				12.322,
				0,
				12.333,
				0,
				1,
				12.35,
				0,
				12.367,
				1,
				12.383,
				1,
				1,
				13.144,
				1,
				13.906,
				1,
				14.667,
				1,
				1,
				14.683,
				1,
				14.7,
				0,
				14.717,
				0,
				1,
				14.728,
				0,
				14.739,
				0,
				14.75,
				0,
				1,
				14.767,
				0,
				14.783,
				1,
				14.8,
				1,
				0,
				17.867,
				1
			]
		},
		{
			"Target": "Parameter",
			"Id": "ParamEyeLSmile",
			"Segments": [
				0,
				0,
				0,
				17.867,
				0
			]
		},
		{
			"Target": "Parameter",
			"Id": "ParamEyeROpen",
			"Segments": [
				0,
				1,
				1,
				0.878,
				1,
				1.756,
				1,
				2.633,
				1,
				1,
				2.65,
				1,
				2.667,
				0,
				2.683,
				0,
				1,
				2.694,
				0,
				2.706,
				0,
				2.717,
				0,
				1,
				2.733,
				0,
				2.75,
				1,
				2.767,
				1,
				1,
				3.561,
				1,
				4.356,
				1,
				5.15,
				1,
				1,
				5.167,
				1,
				5.183,
				0,
				5.2,
				0,
				1,
				5.211,
				0,
				5.222,
				0,
				5.233,
				0,
				1,
				5.25,
				0,
				5.267,
				1,
				5.283,
				1,
				1,
				6.339,
				1,
				7.394,
				1,
				8.45,
				1,
				1,
				8.467,
				1,
				8.483,
				0,
				8.5,
				0,
				1,
				8.511,
				0,
				8.522,
				0,
				8.533,
				0,
				1,
				8.55,
				0,
				8.567,
				1,
				8.583,
				1,
				1,
				9.406,
				1,
				10.228,
				1,
				11.05,
				1,
				1,
				11.067,
				1,
				11.083,
				0,
				11.1,
				0,
				1,
				11.111,
				0,
				11.122,
				0,
				11.133,
				0,
				1,
				11.15,
				0,
				11.167,
				1,
				11.183,
				1,
				1,
				11.539,
				1,
				11.894,
				1,
				12.25,
				1,
				1,
				12.267,
				1,
				12.283,
				0,
				12.3,
				0,
				1,
				12.311,
				0,
				12.322,
				0,
				12.333,
				0,
				1,
				12.35,
				0,
				12.367,
				1,
				12.383,
				1,
				1,
				13.144,
				1,
				13.906,
				1,
				14.667,
				1,
				1,
				14.683,
				1,
				14.7,
				0,
				14.717,
				0,
				1,
				14.728,
				0,
				14.739,
				0,
				14.75,
				0,
				1,
				14.767,
				0,
				14.783,
				1,
				14.8,
				1,
				0,
				17.867,
				1
			]
		},
		{
			"Target": "Parameter",
			"Id": "ParamEyeRSmile",
			"Segments": [
				0,
				0,
				0,
				17.867,
				0
			]
		},
		{
			"Target": "Parameter",
			"Id": "ParamEyeBallX",
			"Segments": [
				0,
				0,
				0,
				17.867,
				0
			]
		},
		{
			"Target": "Parameter",
			"Id": "ParamEyeBallY",
			"Segments": [
				0,
				0,
				0,
				17.867,
				0
			]
		}
	]
}